{"cameraMode":{"drawMode":0,"name":"Shaded","section":"Shading Mode"},"sceneLighting":true,"audioPlay":false,"sceneViewState":{"showFog":true,"showMaterialUpdate":false,"showSkybox":true,"showFlares":true,"showImageEffects":true,"showParticleSystems":true},"in2DMode":false,"pivot":{"x":3.095991373062134,"y":6.223537445068359,"z":22.996862411499025},"rotation":{"x":-0.12679201364517213,"y":0.10158319026231766,"z":-0.013054413720965386,"w":-0.9866277575492859},"size":63.518043518066409,"orthographic":false}